Designator,Footprint,Mid X,Mid Y,Ref X,Ref Y,Pad X,Pad Y,Layer,Rotation,Comment,Value,,
,,,,,,,,,,,,,
L5,IHPL-3232,3.714mm,90.944mm,3.714mm,90.944mm,0.1013mm,90.944mm,T,0,Inductance,22uH,,22uH (47uH)
L9,CM45,144.557mm,98.183mm,144.557mm,98.183mm,144.557mm,95.778mm,B,90,Inductance,100nH,,100nH
L8,CM45,146.716mm,73.164mm,146.716mm,73.164mm,146.716mm,75.569mm,B,270,Inductance,100nH,,100nH
L7,CM45,145.065mm,120.789mm,145.065mm,120.789mm,145.065mm,118.384mm,B,90,Inductance,100nH,,100nH
L6,CM45,140.493mm,143.141mm,140.493mm,143.141mm,138.088mm,143.141mm,B,360,Inductance,100nH,,100nH
RUN1,LED_0603,77.755mm,146.062mm,77.755mm,146.062mm,77.755mm,145.312mm,T,90,LED 0603,LED 0603,,
PWR1,LED_0603,75.215mm,146.062mm,75.215mm,146.062mm,75.215mm,145.312mm,T,90,LED 0603,LED 0603,,
LINK1,LED_0603,72.675mm,146.062mm,72.675mm,146.062mm,72.675mm,145.312mm,T,90,LED 0603,LED 0603,,
U7,SOIC8,44.1mm,130.06mm,44.1mm,130.06mm,46.5mm,128.155mm,T,180,IR2104,IR2104,,
U10,TO-220,46.64mm,114.185mm,46.64mm,114.185mm,46.64mm,111.645mm,T,90,LM7812,LM7812,,
C15,CAPC7343,39.02mm,117.36mm,39.02mm,117.36mm,42.52mm,117.36mm,T,180,Cap Pol SMD,47u,,47u
C20,CAPC7343,39.02mm,111.645mm,39.02mm,111.645mm,42.52mm,111.645mm,T,180,Cap Pol SMD,47u,,47u
C34,CAPPR7.5-16x25_1,14.255mm,43.192mm,14.255mm,43.192mm,11.005mm,43.192mm,T,360,Cap Pol 200/100,1000u,,1000u
C18,CAPPR5-10x17_1,16.16mm,109.74mm,16.16mm,109.74mm,13.66mm,109.74mm,T,0,Cap Pol 100/47,47u,,47u
U46,D014_N,98.71mm,113.55mm,98.71mm,113.55mm,101.11mm,117.36mm,B,180,SN74AC04D,SN74AC04D,,
C17,CAP0805,93.757mm,117.36mm,93.757mm,117.36mm,94.932mm,117.36mm,T,180,ChipCap,0.01uF,,0.01uF
D13,DO-214AS,156.495mm,50.05mm,156.495mm,50.05mm,156.495mm,52.15mm,T,270,TVS Diode,TVS Diode,,
D14,DO-214AS,156.495mm,42.43mm,156.495mm,42.43mm,156.495mm,44.53mm,T,270,TVS Diode,TVS Diode,,
R156,RES1206,91.725mm,1.155mm,91.725mm,1.155mm,90.3mm,1.155mm,B,0,ChipRes,10K,,10K
C61,CAP0805,145.7mm,92.595mm,145.7mm,92.595mm,144.525mm,92.595mm,B,360,ChipCap,0.1uF,,0.1uF
C53,CAP0805,145.7mm,79.26mm,145.7mm,79.26mm,144.525mm,79.26mm,B,360,ChipCap,0.1uF,,0.1uF
C43,CAP0805,145.573mm,116.09mm,145.573mm,116.09mm,144.398mm,116.09mm,B,360,ChipCap,0.1uF,,0.1uF
C42,CAP0805,143.16mm,140.22mm,143.16mm,140.22mm,141.985mm,140.22mm,B,360,ChipCap,0.1uF,,0.1uF
R1,RES1206,58.07mm,145.935mm,58.07mm,145.935mm,58.07mm,144.51mm,T,90,ChipRes,10K,,10K
U27,DIP-4,43.465mm,55.765mm,43.465mm,55.765mm,44.735mm,59.575mm,T,270,Optoisolator1,Optoisolator1,,
R88,RES1206,44.735mm,63.385mm,44.735mm,63.385mm,44.735mm,61.96mm,T,90,ChipRes,330,,330
R107,RES1206,44.735mm,48.145mm,44.735mm,48.145mm,44.735mm,49.57mm,T,270,ChipRes,0,,0
R123,RES1206,126.015mm,43.7mm,126.015mm,43.7mm,126.015mm,45.125mm,T,270,ChipRes,510,,510
X1,BCY-W2/E4.7,106.965mm,98.945mm,106.965mm,98.945mm,106.965mm,96.505mm,T,90,XTAL,XTAL,,
U13,LQFP144,84.74mm,93.865mm,84.74mm,93.865mm,93.49mm,83.265mm,T,180,STM32F407,STM32F407,,
R128,RES1206,138.715mm,43.7mm,138.715mm,43.7mm,138.715mm,42.275mm,T,90,ChipRes,1K,,1K
R129,RES1206,141.255mm,43.7mm,141.255mm,43.7mm,141.255mm,45.125mm,T,270,ChipRes,510,,510
R122,RES1206,123.475mm,43.7mm,123.475mm,43.7mm,123.475mm,42.275mm,T,90,ChipRes,1K,,1K
R124,RES1206,128.555mm,43.7mm,128.555mm,43.7mm,128.555mm,42.275mm,T,90,ChipRes,1K,,1K
R125,RES1206,131.095mm,43.7mm,131.095mm,43.7mm,131.095mm,45.125mm,T,270,ChipRes,510,,510
R126,RES1206,133.635mm,43.7mm,133.635mm,43.7mm,133.635mm,42.275mm,T,90,ChipRes,1K,,1K
R127,RES1206,136.175mm,43.7mm,136.175mm,43.7mm,136.175mm,45.125mm,T,270,ChipRes,510,,510
R151,RES1206,99.091mm,98.691mm,99.091mm,98.691mm,99.091mm,100.116mm,B,270,ChipRes,10K,,10K
R45,RES1206,103.155mm,95.135mm,103.155mm,95.135mm,103.155mm,96.56mm,T,270,ChipRes,220,,220
R152,RES1206,91.49mm,83.265mm,91.49mm,83.265mm,91.49mm,84.69mm,B,270,ChipRes,10K,,10K
R80,RES1206,56.673mm,66.179mm,56.673mm,66.179mm,56.673mm,64.754mm,T,90,ChipRes,1K,,1K
R40,RES1206,101.25mm,102.755mm,101.25mm,102.755mm,102.675mm,102.755mm,T,180,ChipRes,220,,220
R153,RES1206,89.49mm,83.265mm,89.49mm,83.265mm,89.49mm,84.69mm,B,270,ChipRes,10K,,10K
Q22,SOT23,139.985mm,48.78mm,139.985mm,48.78mm,139.035mm,47.58mm,T,90,BC857,0,,
Q19,SOT23,124.745mm,48.78mm,124.745mm,48.78mm,123.795mm,47.58mm,T,90,BC857,,,
Q20,SOT23,129.825mm,48.78mm,129.825mm,48.78mm,128.875mm,47.58mm,T,90,BC857,,,
Q21,SOT23,134.905mm,48.78mm,134.905mm,48.78mm,133.955mm,47.58mm,T,90,BC857,,,
LED6,PLCC-2,139.985mm,54.495mm,139.985mm,54.495mm,139.985mm,55.995mm,T,270,LED 0603,,,
LED3,PLCC-2,124.745mm,54.495mm,124.745mm,54.495mm,124.745mm,55.995mm,T,270,LED 0603,,,
LED4,PLCC-2,129.825mm,54.495mm,129.825mm,54.495mm,129.825mm,55.995mm,T,270,LED 0603,,,
LED5,PLCC-2,134.905mm,54.495mm,134.905mm,54.495mm,134.905mm,55.995mm,T,270,LED 0603,,,
LED2,LED_0603,54.895mm,75.958mm,54.895mm,75.958mm,54.895mm,75.208mm,T,90,LED 0603,,,
L4,CM45,97.44mm,107.835mm,97.44mm,107.835mm,95.035mm,107.835mm,T,360,Inductance,100nH,,100nH
C23,CAP0805,110.775mm,101.485mm,110.775mm,101.485mm,110.775mm,100.31mm,T,90,ChipCap,22pF,,22pF
C60,CAP0805,37.75mm,79.895mm,37.75mm,79.895mm,36.575mm,79.895mm,B,360,ChipCap,0.1uF,,0.1uF
C19,CAPC7343,98.71mm,112.28mm,98.71mm,112.28mm,95.21mm,112.28mm,T,360,Cap Pol SMD,10uF,,10uF
C55,CAP0805,76.485mm,85.61mm,76.485mm,85.61mm,76.485mm,84.435mm,B,90,ChipCap,0.01uF,,0.01uF
C57,CAP0805,81.565mm,85.61mm,81.565mm,85.61mm,82.74mm,85.61mm,B,180,ChipCap,0.01uF,,0.01uF
C56,CAP0805,86.645mm,85.61mm,86.645mm,85.61mm,87.82mm,85.61mm,B,180,ChipCap,0.01uF,,0.01uF
C58,CAP0805,93.63mm,83.197mm,93.63mm,83.197mm,93.63mm,84.372mm,B,270,ChipCap,0.01uF,,0.01uF
C54,CAP0805,92.995mm,88.277mm,92.995mm,88.277mm,92.995mm,87.102mm,B,90,ChipCap,0.01uF,,0.01uF
C24,CAP0805,110.775mm,97.04mm,110.775mm,97.04mm,110.775mm,98.215mm,T,270,ChipCap,22pF,,22pF
C50,CAP0805,95.408mm,95.77mm,95.408mm,95.77mm,96.583mm,95.77mm,B,180,ChipCap,0.1uF,,0.1uF
C51,CAP0805,92.995mm,92.595mm,92.995mm,92.595mm,92.995mm,93.77mm,B,270,ChipCap,0.01uF,,0.01uF
C48,CAP0805,92.995mm,98.945mm,92.995mm,98.945mm,92.995mm,97.77mm,B,90,ChipCap,0.01uF,,0.01uF
C45,CAP0805,91.852mm,102.12mm,91.852mm,102.12mm,90.677mm,102.12mm,B,360,ChipCap,0.01uF,,0.01uF
C46,CAP0805,86.645mm,102.12mm,86.645mm,102.12mm,85.47mm,102.12mm,B,360,ChipCap,0.01uF,,0.01uF
C47,CAP0805,82.2mm,102.12mm,82.2mm,102.12mm,81.025mm,102.12mm,B,360,ChipCap,0.01uF,,0.01uF
C59,CAP0805,73.31mm,81.673mm,73.31mm,81.673mm,74.485mm,81.673mm,B,180,ChipCap,0.01uF,,0.01uF
C44,CAP0805,78.898mm,105.168mm,78.898mm,105.168mm,78.898mm,103.993mm,B,90,ChipCap,0.01uF,,0.01uF
C49,CAP0805,76.485mm,97.04mm,76.485mm,97.04mm,76.485mm,95.865mm,B,90,ChipCap,0.01uF,,0.01uF
Q25,SOT23,80.295mm,38.62mm,80.295mm,38.62mm,79.345mm,37.42mm,T,90,BC847,,,
R93,RES1206,73.31mm,63.131mm,73.31mm,63.131mm,73.31mm,61.706mm,T,90,ChipRes,1K,,1K
R112,RES1206,73.3092mm,48.145mm,73.3092mm,48.145mm,73.3092mm,49.57mm,T,270,ChipRes,510,,510
R133,RES1206,79.66mm,31mm,79.66mm,31mm,79.66mm,32.425mm,T,270,ChipRes,1K,,1K
R137,RES1206,79.66mm,21.475mm,79.66mm,21.475mm,79.66mm,20.05mm,T,90,ChipRes,220,,220
LED9,LED_0603,82.2mm,21.475mm,82.2mm,21.475mm,82.2mm,22.225mm,T,270,LED 0603,,,
U32,DIP-4,72.0392mm,55.765mm,72.0392mm,55.765mm,73.3092mm,59.575mm,T,270,Optoisolator1,,,
Q29,SOT23,80.93mm,25.92mm,80.93mm,25.92mm,79.73mm,26.87mm,T,360,BC847,,,
D17,DO-41,92.995mm,41.16mm,92.995mm,41.16mm,87.765mm,41.16mm,T,360,Diode 1N4007,,,
P11,Molex_FPC/FFC_10pin,2.285mm,55.765mm,0.92mm,55.765mm,3.46mm,51.265mm,B,90,FPC_Socket,,,
P8,MOLEX_Header_8_2mm_Pitch,1.355mm,55.765mm,4.095mm,55.765mm,4.095mm,62.75mm,T,270,FPC_Socket,,,
D22,SOT23,13.62mm,55.13mm,13.62mm,55.13mm,12.42mm,54.18mm,B,360,TVS,,,
D11,SOT23,13.62mm,55.13mm,13.62mm,55.13mm,14.82mm,54.18mm,T,180,TVS,,,
D21,SOT23,9.175mm,57.035mm,9.175mm,57.035mm,7.975mm,56.085mm,B,360,Diode Schottky,,,
D23,SOT23,9.175mm,53.225mm,9.175mm,53.225mm,10.375mm,54.175mm,B,180,Diode Schottky,,,
D10,SOT23,9.175mm,57.035mm,9.175mm,57.035mm,10.375mm,56.085mm,T,180,Diode Schottky,,,
D12,SOT23,9.175mm,53.225mm,9.175mm,53.225mm,10.375mm,52.275mm,T,180,Diode Schottky,,,
U1,SOT23-5,61.88mm,145.935mm,61.88mm,145.935mm,60.68mm,146.885mm,T,0,LM3671,,,
L1,CDRH2D14,66.325mm,145.935mm,66.325mm,145.935mm,67.3857mm,144.8743mm,T,90,Inductance,2.2uH,,2.2uH
C5,CAPC7343,66.452mm,140.22mm,66.452mm,140.22mm,69.952mm,140.22mm,T,180,Cap Pol SMD,47u,,47u
C2,CAPC7343,54.514mm,144.157mm,54.514mm,144.157mm,54.514mm,147.657mm,T,270,Cap Pol SMD,47u,,47u
R32,RES1206,118.395mm,113.55mm,118.395mm,113.55mm,119.82mm,113.55mm,T,180,ChipRes,510,,510
R33,RES1206,132.365mm,112.915mm,132.365mm,112.915mm,130.94mm,112.915mm,T,360,ChipRes,470,,470
C52,CAP0805,76.485mm,91.96mm,76.485mm,91.96mm,76.485mm,93.135mm,B,270,ChipCap,0.01uF,,0.01uF
P7,IDC-10MS(MR),70.77mm,70.37mm,70.77mm,70.37mm,65.69mm,69.1mm,T,360,IDC-10MS (JTAG connector),,,
R66,RES1206,66.96mm,77.863mm,66.96mm,77.863mm,66.96mm,76.438mm,T,90,ChipRes,10K,,10K
R65,RES1206,64.928mm,77.863mm,64.928mm,77.863mm,64.928mm,76.438mm,T,90,ChipRes,10K,,10K
R64,RES1206,62.896mm,77.863mm,62.896mm,77.863mm,62.896mm,76.438mm,T,90,ChipRes,10K,,10K
R63,RES1206,60.61mm,77.863mm,60.61mm,77.863mm,60.61mm,76.438mm,T,90,ChipRes,10K,,10K
BOOT1,RES1206,60.61mm,116.725mm,60.61mm,116.725mm,60.61mm,115.3mm,T,90,ChipRes,0,,0
C7,CAP0805,132.365mm,140.22mm,132.365mm,140.22mm,133.54mm,140.22mm,T,180,ChipCap,0.1uF,,0.1uF
C1,CAP0805,132.365mm,147.84mm,132.365mm,147.84mm,133.54mm,147.84mm,T,180,ChipCap,0.1uF,,0.1uF
C32,CAP0805,159.035mm,63.385mm,159.035mm,63.385mm,160.21mm,63.385mm,T,180,ChipCap,0.1uF,,0.1uF
C8,CAP0805,132.365mm,132.6mm,132.365mm,132.6mm,133.54mm,132.6mm,T,180,ChipCap,0.1uF,,0.1uF
C11,CAP0805,132.365mm,125.615mm,132.365mm,125.615mm,133.54mm,125.615mm,T,180,ChipCap,0.1uF,,0.1uF
C6,CAP0805,59.34mm,140.22mm,59.34mm,140.22mm,60.515mm,140.22mm,T,180,ChipCap,100nF,,100nF
C16,CAP0805,63.15mm,116.725mm,63.15mm,116.725mm,63.15mm,115.55mm,T,90,ChipCap,100nF,,100nF
C37,CAP0805,148.24mm,41.795mm,148.24mm,41.795mm,149.415mm,41.795mm,T,180,ChipCap,1uF,,1uF
C38,CAP0805,164.115mm,39.382mm,164.115mm,39.382mm,165.29mm,39.382mm,T,180,ChipCap,0.1uF,,0.1uF
C35,CAP0805,148.24mm,49.415mm,148.24mm,49.415mm,149.415mm,49.415mm,T,180,ChipCap,1uF,,1uF
C36,CAP0805,165.417mm,47.891mm,165.417mm,47.891mm,166.592mm,47.891mm,T,180,ChipCap,0.1uF,,0.1uF
C21,CAP0805,117.76mm,108.47mm,117.76mm,108.47mm,116.585mm,108.47mm,T,360,ChipCap,0.1uF,,0.1uF
C14,CAP0805,132.365mm,120.535mm,132.365mm,120.535mm,133.54mm,120.535mm,T,180,ChipCap,0.1uF,,0.1uF
P3,SOCKET_8x5.08,176.18mm,117.36mm,176.18mm,117.36mm,176.18mm,99.58mm,T,180,Terminal Block 8x5.08mm,,,
P5,Socket_4x5.08,176.18mm,84.975mm,176.18mm,84.975mm,176.18mm,77.355mm,T,180,Terminal Block 4x5.08mm,,,
P6,WR-CRD_SD_Micro,33.296mm,77.032mm,37.496mm,83.832mm,31.626mm,81.562mm,T,270,Micro SD Card Connector,,,
Q4,SOT23,141.001mm,140.22mm,141.001mm,140.22mm,139.801mm,141.17mm,T,360,BC847,,,
Q5,SOT23,145.065mm,140.22mm,145.065mm,140.22mm,143.865mm,141.17mm,T,360,BC857,,,
Q10,SOT23,141.001mm,116.09mm,141.001mm,116.09mm,139.801mm,117.04mm,T,360,BC847,,,
Q11,SOT23,145.065mm,116.09mm,145.065mm,116.09mm,143.865mm,117.04mm,T,360,BC857,,,
Q18,SOT23,142.525mm,79.26mm,142.525mm,79.26mm,141.575mm,78.06mm,T,90,BC847,,,
Q17,SOT23,142.525mm,85.61mm,142.525mm,85.61mm,141.575mm,84.41mm,T,90,BC857,,,
Q15,SOT23,143.033mm,93.23mm,143.033mm,93.23mm,142.083mm,92.03mm,T,90,BC847,,,
Q13,SOT23,142.525mm,98.945mm,142.525mm,98.945mm,141.575mm,97.745mm,T,90,BC857,,,
R3,RES1206,132.365mm,145.3mm,132.365mm,145.3mm,130.94mm,145.3mm,T,360,ChipRes,1K,,1K
R2,RES1206,118.395mm,145.3mm,118.395mm,145.3mm,116.97mm,145.3mm,T,360,ChipRes,330,,330
R4,RES1206,143.16mm,143.395mm,143.16mm,143.395mm,141.735mm,143.395mm,T,360,ChipRes,1K,,1K
R15,RES1206,143.16mm,137.045mm,143.16mm,137.045mm,141.735mm,137.045mm,T,360,ChipRes,1K,,1K
R10,RES1206,118.395mm,141.49mm,118.395mm,141.49mm,116.97mm,141.49mm,T,360,ChipRes,330,,330
R18,RES1206,143.16mm,134.886mm,143.16mm,134.886mm,141.735mm,134.886mm,T,360,ChipRes,10K,,10K
R5,RES1206,132.365mm,142.76mm,132.365mm,142.76mm,130.94mm,142.76mm,T,360,ChipRes,1K,,1K
R27,RES1206,143.16mm,119.265mm,143.16mm,119.265mm,141.735mm,119.265mm,T,360,ChipRes,1K,,1K
R34,RES1206,143.16mm,112.915mm,143.16mm,112.915mm,141.735mm,112.915mm,T,360,ChipRes,1K,,1K
R36,RES1206,143.16mm,110.756mm,143.16mm,110.756mm,141.735mm,110.756mm,T,360,ChipRes,10K,,10K
R17,RES1206,132.365mm,135.14mm,132.365mm,135.14mm,130.94mm,135.14mm,T,360,ChipRes,1K,,1K
R13,RES1206,118.395mm,138.95mm,118.395mm,138.95mm,116.97mm,138.95mm,T,360,ChipRes,330,,330
R69,RES1206,141.89mm,76.085mm,141.89mm,76.085mm,140.465mm,76.085mm,T,360,ChipRes,1K,,1K
R62,RES1206,145.7mm,79.26mm,145.7mm,79.26mm,145.7mm,77.835mm,T,90,ChipRes,1K,,1K
R16,RES1206,118.395mm,135.14mm,118.395mm,135.14mm,116.97mm,135.14mm,T,360,ChipRes,330,,330
R53,RES1206,145.7mm,85.61mm,145.7mm,85.61mm,145.7mm,87.035mm,T,270,ChipRes,10K,,10K
R14,RES1206,132.365mm,137.68mm,132.365mm,137.68mm,130.94mm,137.68mm,T,360,ChipRes,1K,,1K
R49,RES1206,141.89mm,90.055mm,141.89mm,90.055mm,140.465mm,90.055mm,T,360,ChipRes,1K,,1K
R46,RES1206,145.7mm,92.595mm,145.7mm,92.595mm,145.7mm,91.17mm,T,90,ChipRes,1K,,1K
R42,RES1206,145.7mm,98.945mm,145.7mm,98.945mm,145.7mm,100.37mm,T,270,ChipRes,10K,,10K
R43,RES1206,117.76mm,98.945mm,117.76mm,98.945mm,119.185mm,98.945mm,T,180,ChipRes,1K,,1K
R44,RES1206,133mm,98.945mm,133mm,98.945mm,131.575mm,98.945mm,T,360,ChipRes,1K,,1K
R38,RES1206,117.76mm,105.93mm,117.76mm,105.93mm,119.185mm,105.93mm,T,180,ChipRes,1K,,1K
R39,RES1206,133mm,104.66mm,133mm,104.66mm,134.425mm,104.66mm,T,180,ChipRes,10K,,10K
R47,RES1206,117.76mm,93.23mm,117.76mm,93.23mm,119.185mm,93.23mm,T,180,ChipRes,1K,,1K
R48,RES1206,133mm,93.23mm,133mm,93.23mm,131.575mm,93.23mm,T,360,ChipRes,510,,510
R77,RES1206,155.225mm,69.735mm,155.225mm,69.735mm,155.225mm,71.16mm,T,270,ChipRes,1K,,1K
R84,RES1206,167.925mm,66.56mm,167.925mm,66.56mm,169.35mm,66.56mm,T,180,ChipRes,10K,,10K
R85,RES1206,147.605mm,65.29mm,147.605mm,65.29mm,146.18mm,65.29mm,T,360,ChipRes,5K1,,5K1
R86,RES1206,152.685mm,65.29mm,152.685mm,65.29mm,151.26mm,65.29mm,T,360,ChipRes,5K1,,5K1
R20,RES1206,132.365mm,130.06mm,132.365mm,130.06mm,130.94mm,130.06mm,T,360,ChipRes,510,,510
R22,RES1206,132.365mm,127.52mm,132.365mm,127.52mm,130.94mm,127.52mm,T,360,ChipRes,510,,510
R24,RES1206,132.365mm,123.202mm,132.365mm,123.202mm,130.94mm,123.202mm,T,360,ChipRes,510,,510
R19,RES1206,118.395mm,132.6mm,118.395mm,132.6mm,119.82mm,132.6mm,T,180,ChipRes,330,,330
R82,RES1206,167.925mm,69.1mm,167.925mm,69.1mm,166.5mm,69.1mm,T,360,ChipRes,5K1,,5K1
R21,RES1206,118.395mm,128.79mm,118.395mm,128.79mm,119.82mm,128.79mm,T,180,ChipRes,330,,330
R76,RES1206,167.925mm,71.64mm,167.925mm,71.64mm,169.35mm,71.64mm,T,180,ChipRes,47K,,47K
R23,RES1206,118.395mm,126.25mm,118.395mm,126.25mm,119.82mm,126.25mm,T,180,ChipRes,330,,330
R25,RES1206,118.395mm,122.44mm,118.395mm,122.44mm,119.82mm,122.44mm,T,180,ChipRes,330,,330
R8,RES1206,77.755mm,140.855mm,77.755mm,140.855mm,77.755mm,142.28mm,T,270,ChipRes,510,,510
R7,RES1206,75.215mm,140.855mm,75.215mm,140.855mm,75.215mm,142.28mm,T,270,ChipRes,510,,510
R6,RES1206,72.675mm,140.855mm,72.675mm,140.855mm,72.675mm,142.28mm,T,270,ChipRes,510,,510
R28,RES1206,58.07mm,116.725mm,58.07mm,116.725mm,58.07mm,118.15mm,T,270,ChipRes,4K7,,4K7
R130,RES1206,169.195mm,43.446mm,169.195mm,43.446mm,167.77mm,43.446mm,T,360,ChipRes,10K,,10K
R121,RES1206,169.195mm,45.605mm,169.195mm,45.605mm,170.62mm,45.605mm,T,180,ChipRes,10K,,10K
R37,RES1206,132.365mm,109.74mm,132.365mm,109.74mm,133.79mm,109.74mm,T,180,ChipRes,470,,470
R104,RES1206,169.195mm,53.86mm,169.195mm,53.86mm,170.62mm,53.86mm,T,180,ChipRes,10K,,10K
R35,RES1206,118.395mm,111.01mm,118.395mm,111.01mm,119.82mm,111.01mm,T,180,ChipRes,510,,510
R105,RES1206,169.195mm,51.701mm,169.195mm,51.701mm,170.62mm,51.701mm,T,180,ChipRes,10K,,10K
R29,RES1206,132.365mm,117.995mm,132.365mm,117.995mm,130.94mm,117.995mm,T,360,ChipRes,510,,510
R31,RES1206,132.365mm,115.455mm,132.365mm,115.455mm,130.94mm,115.455mm,T,360,ChipRes,510,,510
R26,RES1206,118.395mm,119.9mm,118.395mm,119.9mm,119.82mm,119.9mm,T,180,ChipRes,330,,330
R30,RES1206,118.395mm,116.725mm,118.395mm,116.725mm,119.82mm,116.725mm,T,180,ChipRes,330,,330
R74,RES1206,44.7349mm,73.545mm,44.7349mm,73.545mm,43.31mm,73.545mm,T,360,ChipRes,10K,,10K
R78,RES1206,44.7349mm,71.005mm,44.7349mm,71.005mm,43.31mm,71.005mm,T,360,ChipRes,10K,,10K
R68,RES1206,44.7349mm,76.085mm,44.7349mm,76.085mm,43.31mm,76.085mm,T,360,ChipRes,10K,,10K
R67,RES1206,44.7349mm,78.625mm,44.7349mm,78.625mm,43.31mm,78.625mm,T,360,ChipRes,10K,,10K
R60,RES1206,44.7349mm,81.165mm,44.7349mm,81.165mm,43.31mm,81.165mm,T,360,ChipRes,10K,,10K
R57,RES1206,44.7349mm,83.705mm,44.7349mm,83.705mm,43.31mm,83.705mm,T,360,ChipRes,10K,,10K
R101,RES1206,167.925mm,64.147mm,167.925mm,64.147mm,169.35mm,64.147mm,T,180,ChipRes,3K3,,3K3
U3,SOIC8,125.38mm,143.395mm,125.38mm,143.395mm,122.98mm,145.3mm,T,360,HCPL0631,,,
U4,SOIC8,125.38mm,137.045mm,125.38mm,137.045mm,122.98mm,138.95mm,T,360,HCPL0631,,,
U14,DIP-4,125.38mm,100.215mm,125.38mm,100.215mm,129.19mm,98.945mm,T,180,Optoisolator1,,,
U12,DIP-4,125.38mm,105.93mm,125.38mm,105.93mm,121.57mm,107.2mm,T,360,Optoisolator1,,,
U15,DIP-4,125.38mm,94.5mm,125.38mm,94.5mm,129.19mm,93.23mm,T,180,Optoisolator1,,,
U22,D008_N,149.51mm,69.735mm,149.51mm,69.735mm,151.91mm,67.83mm,T,180,TL431ACD,,,
U6,SOIC8,125.38mm,130.695mm,125.38mm,130.695mm,122.98mm,132.6mm,T,0,HCPL0631,,,
U23,D008_L,160.94mm,67.83mm,160.94mm,67.83mm,163.29mm,65.925mm,T,180,LM358AD,,,
U25,SOIC8,149.51mm,60.845mm,149.51mm,60.845mm,147.11mm,62.75mm,T,0,TLC6515CD,,,
U8,SOIC8,125.38mm,124.345mm,125.38mm,124.345mm,122.98mm,126.25mm,T,0,HCPL0631,,,
U5,SPWF01SA,66.352mm,129.24mm,58.705mm,121.805mm,58.705mm,121.805mm,T,360,SPWF01SA,,,
U43,MSOP8,148.24mm,44.97mm,148.24mm,44.97mm,150.215mm,43.995mm,T,180,MCP3201-CI/MS,,,
U44,SOIC8,162.21mm,43.7mm,162.21mm,43.7mm,164.61mm,41.795mm,T,180,MCP601,,,
U42,MSOP8,148.24mm,52.59mm,148.24mm,52.59mm,150.215mm,51.615mm,T,180,MCP3201-CI/MS,,,
U41,SOIC8,162.21mm,51.955mm,162.21mm,51.955mm,164.61mm,50.05mm,T,180,MCP601,,,
U11,SOIC8,125.38mm,111.645mm,125.38mm,111.645mm,127.78mm,109.74mm,T,180,HCPL0631,,,
U9,SOIC8,125.38mm,117.995mm,125.38mm,117.995mm,122.98mm,119.9mm,T,0,HCPL0631,,,
Q1,TO-263AB,155.225mm,142.76mm,160.94mm,142.76mm,149.51mm,145.355mm,T,270,IRFZ44,,,
Q9,TO-263AB,155.225mm,118.503mm,160.94mm,118.503mm,149.51mm,121.098mm,T,270,IRFZ44,,,
Q16,TO-263AB,155.225mm,82.435mm,160.94mm,82.435mm,149.51mm,85.03mm,T,270,IRFZ44,,,
Q14,TO-263AB,155.225mm,94.5mm,160.94mm,94.5mm,149.51mm,97.095mm,T,270,IRFZ44,,,
Q6,TO-263AB,155.225mm,130.695mm,160.94mm,130.695mm,149.51mm,133.29mm,T,270,IRFZ44,,,
Q12,TO-263AB,155.225mm,106.565mm,160.94mm,106.565mm,149.51mm,109.16mm,T,270,IRFZ44,,,
D2,SOT23,102.266mm,138.95mm,102.266mm,138.95mm,101.316mm,137.75mm,T,90,Diode Schottky,,,
D5,DO-214AS,107.6mm,137.045mm,107.6mm,137.045mm,109.7mm,137.045mm,T,180,TVS Diode,,,
D15,DO-41,51.085mm,41.16mm,51.085mm,41.16mm,45.855mm,41.16mm,T,360,Diode 1N4007,,,
D1,SOT23,90.455mm,138.95mm,90.455mm,138.95mm,89.505mm,137.75mm,T,90,Diode Schottky,,,
D4,DO-214AS,96.17mm,137.045mm,96.17mm,137.045mm,98.27mm,137.045mm,T,180,TVS Diode,,,
D16,DO-41,72.04mm,41.16mm,72.04mm,41.16mm,66.81mm,41.16mm,T,360,Diode 1N4007,,,
K1,G5LA,49.815mm,27.94mm,49.815mm,20.84mm,49.815mm,20.84mm,T,90,Relay 1 pole,,,
K2,G5LA,70.135mm,27.94mm,70.135mm,20.84mm,70.135mm,20.84mm,T,90,Relay 1 pole,,,
LED7,LED_0603,40.29mm,22.11mm,40.29mm,22.11mm,40.29mm,22.86mm,T,270,LED 0603,,,
LED8,LED_0603,61.245mm,22.11mm,61.245mm,22.11mm,61.245mm,22.86mm,T,270,LED 0603,,,
P2,Header_3_latch,105.695mm,144.665mm,105.695mm,144.665mm,108.235mm,144.665mm,T,180,Header 3 Latch,,,
P1,Header_3_latch,94.265mm,144.665mm,94.265mm,144.665mm,96.805mm,144.665mm,T,180,Header 3 Latch,,,
Q28,SOT23,39.02mm,26.555mm,39.02mm,26.555mm,37.82mm,27.505mm,T,360,BC847,,,
Q23,SOT23,39.02mm,39.255mm,39.02mm,39.255mm,38.07mm,38.055mm,T,90,BC847,,,
Q27,SOT23,59.975mm,27.19mm,59.975mm,27.19mm,58.775mm,28.14mm,T,360,BC847,,,
Q24,SOT23,59.975mm,38.62mm,59.975mm,38.62mm,59.025mm,37.42mm,T,90,BC847,,,
R12,RES1206,106.33mm,140.22mm,106.33mm,140.22mm,104.905mm,140.22mm,T,360,ChipRes,4K7,,4K7
R136,RES1206,37.75mm,22.11mm,37.75mm,22.11mm,37.75mm,20.685mm,T,90,ChipRes,220,,220
R132,RES1206,37.75mm,31.635mm,37.75mm,31.635mm,37.75mm,33.06mm,T,270,ChipRes,1K,,1K
R110,RES1206,61.8792mm,48.145mm,61.8792mm,48.145mm,61.8792mm,49.57mm,T,270,ChipRes,510,,510
R11,RES1206,94.9mm,140.22mm,94.9mm,140.22mm,93.475mm,140.22mm,T,360,ChipRes,4K7,,4K7
R91,RES1206,61.88mm,63.131mm,61.88mm,63.131mm,61.88mm,61.706mm,T,90,ChipRes,1K,,1K
R135,RES1206,58.705mm,22.745mm,58.705mm,22.745mm,58.705mm,21.32mm,T,90,ChipRes,220,,220
R131,RES1206,58.705mm,32.27mm,58.705mm,32.27mm,58.705mm,33.695mm,T,270,ChipRes,1K,,1K
R89,RES1206,47.9092mm,63.385mm,47.9092mm,63.385mm,47.9092mm,61.96mm,T,90,ChipRes,510,,510
R111,RES1206,67.5942mm,48.145mm,67.5942mm,48.145mm,67.5942mm,49.57mm,T,270,ChipRes,510,,510
R108,RES1206,47.9092mm,48.145mm,47.9092mm,48.145mm,47.9092mm,49.57mm,T,270,ChipRes,100,,100
R92,RES1206,67.595mm,63.131mm,67.595mm,63.131mm,67.595mm,61.706mm,T,90,ChipRes,1K,,1K
U30,DIP-4,60.6092mm,55.765mm,60.6092mm,55.765mm,61.8792mm,59.575mm,T,270,Optoisolator1,,,
U28,DIP-4,49.1792mm,55.765mm,49.1792mm,55.765mm,47.9092mm,51.955mm,T,90,Optoisolator1,,,
U31,DIP-4,66.3242mm,55.765mm,66.3242mm,55.765mm,67.5942mm,59.575mm,T,270,Optoisolator1,,,
D7,DO-214AS,107.6mm,133.235mm,107.6mm,133.235mm,105.5mm,133.235mm,T,360,TVS Diode,,,
D6,DO-214AS,96.17mm,133.235mm,96.17mm,133.235mm,94.07mm,133.235mm,T,360,TVS Diode,,,
C39,CAPPR5-10x17_1,5.365mm,29.73mm,5.365mm,29.73mm,2.865mm,29.73mm,T,360,Cap Pol 100/47,47u,,47u
P10,Socket_4x5.08,19.97mm,6.87mm,19.97mm,6.87mm,12.35mm,6.87mm,T,90,Terminal Block 4x5.08mm,,,
RU1,S14K25,11.715mm,12.585mm,11.715mm,12.585mm,15.525mm,11.696mm,T,180,Varistor S14F25,,,
C40,CAPPR5-10x17_1,17.43mm,29.73mm,17.43mm,29.73mm,17.43mm,32.23mm,T,270,Cap Pol 100/47,47u,,47u
D20,DO-214AS,28.225mm,16.395mm,28.225mm,16.395mm,26.125mm,16.395mm,T,360,TVS Diode,,,
F2,PTC1812,21.24mm,18.935mm,21.24mm,18.935mm,21.24mm,16.835mm,T,90,Fuse,,,
RU2,S14K25,28.225mm,12.585mm,28.225mm,12.585mm,32.035mm,11.696mm,T,180,Varistor S14F25,,,
R157,RES1206,91.725mm,-1.385mm,91.725mm,-1.385mm,93.15mm,-1.385mm,B,180,ChipRes,1K,,1K
R41,RES1206,12.985mm,101.485mm,12.985mm,101.485mm,14.41mm,101.485mm,T,180,ChipRes,1K,,1K
R9,RES1206,83.47mm,140.855mm,83.47mm,140.855mm,83.47mm,142.28mm,T,270,ChipRes,1K,,1K
STM PWR 1,PLCC-2,18.7mm,100.215mm,18.7mm,100.215mm,18.7mm,98.715mm,T,90,LED,,,
WIFI PWR 1,PLCC-2,83.47mm,146.57mm,83.47mm,146.57mm,81.97mm,146.57mm,T,360,LED,,,
LED1,LED_0603,52.355mm,75.958mm,52.355mm,75.958mm,52.355mm,75.208mm,T,90,LED 0603,,,
R79,RES1206,51.212mm,66.052mm,51.212mm,66.052mm,51.212mm,64.627mm,T,90,ChipRes,1K,,1K
R106,RES1206,39.0192mm,48.145mm,39.0192mm,48.145mm,39.0192mm,49.57mm,T,270,ChipRes,1K,,1K
R87,RES1206,39.0192mm,63.385mm,39.0192mm,63.385mm,39.0192mm,61.96mm,T,90,ChipRes,330,,330
U26,DIP-4,37.7492mm,55.765mm,37.7492mm,55.765mm,39.0192mm,59.575mm,T,270,Optoisolator1,,,
D18,DO-41,113.315mm,40.525mm,113.315mm,40.525mm,108.085mm,40.525mm,T,360,Diode 1N4007,,,
LED10,LED_0603,102.52mm,21.475mm,102.52mm,21.475mm,102.52mm,22.225mm,T,270,LED 0603,,,
Q30,SOT23,101.25mm,25.92mm,101.25mm,25.92mm,100.05mm,26.87mm,T,0,BC847,,,
Q26,SOT23,101.25mm,38.62mm,101.25mm,38.62mm,100.3mm,37.42mm,T,90,BC847,,,
R138,RES1206,99.98mm,21.475mm,99.98mm,21.475mm,99.98mm,20.05mm,T,90,ChipRes,220,,220
R134,RES1206,100.107mm,31mm,100.107mm,31mm,100.107mm,32.425mm,T,270,ChipRes,1K,,1K
R113,RES1206,79.0242mm,48.145mm,79.0242mm,48.145mm,79.0242mm,49.57mm,T,270,ChipRes,510,,510
R94,RES1206,79.025mm,63.131mm,79.025mm,63.131mm,79.025mm,61.706mm,T,90,ChipRes,1K,,1K
U33,DIP-4,77.7542mm,55.765mm,77.7542mm,55.765mm,79.0242mm,59.575mm,T,270,Optoisolator1,,,
Q31,SOT23,86.645mm,-0.115mm,86.645mm,-0.115mm,87.845mm,0.835mm,B,180,BC857,,,
R54,RES1206,117.76mm,90.055mm,117.76mm,90.055mm,119.185mm,90.055mm,T,180,ChipRes,1K,,1K
R52,RES1206,133mm,89.42mm,133mm,89.42mm,134.425mm,89.42mm,T,180,ChipRes,510,,510
R58,RES1206,117.76mm,87.515mm,117.76mm,87.515mm,119.185mm,87.515mm,T,180,ChipRes,510,,510
R61,RES1206,133mm,81.165mm,133mm,81.165mm,134.425mm,81.165mm,T,180,ChipRes,100,,100
R75,RES1206,117.76mm,69.735mm,117.76mm,69.735mm,119.185mm,69.735mm,T,180,ChipRes,510,,510
R81,RES1206,133mm,69.735mm,133mm,69.735mm,134.425mm,69.735mm,T,180,ChipRes,4K7,,4K7
R99,RES1206,105.06mm,63.385mm,105.06mm,63.385mm,105.06mm,61.96mm,T,90,ChipRes,1K,,1K
R118,RES1206,105.06mm,48.145mm,105.06mm,48.145mm,105.06mm,49.57mm,T,270,ChipRes,1K,,1K
R116,RES1206,96.17mm,48.145mm,96.17mm,48.145mm,96.17mm,49.57mm,T,270,ChipRes,1K,,1K
R97,RES1206,96.17mm,63.385mm,96.17mm,63.385mm,96.17mm,61.96mm,T,90,ChipRes,510,,510
R83,RES1206,117.76mm,67.195mm,117.76mm,67.195mm,119.185mm,67.195mm,T,180,ChipRes,1K,,1K
R103,RES1206,133mm,64.02mm,133mm,64.02mm,131.575mm,64.02mm,T,360,ChipRes,510,,510
R100,RES1206,110.775mm,63.385mm,110.775mm,63.385mm,110.775mm,61.96mm,T,90,ChipRes,1K,,1K
R119,RES1206,110.775mm,48.145mm,110.775mm,48.145mm,110.775mm,49.57mm,T,270,ChipRes,510,,510
R98,RES1206,99.345mm,63.385mm,99.345mm,63.385mm,99.345mm,61.96mm,T,90,ChipRes,1K,,1K
R117,RES1206,99.345mm,48.145mm,99.345mm,48.145mm,99.345mm,49.57mm,T,270,ChipRes,510,,510
R102,RES1206,115.855mm,64.02mm,115.855mm,64.02mm,117.28mm,64.02mm,T,180,ChipRes,510,,510
R72,RES1206,119.284mm,74.18mm,119.284mm,74.18mm,119.284mm,75.605mm,T,270,ChipRes,1K,,1K
R73,RES1206,133mm,75.45mm,133mm,75.45mm,131.575mm,75.45mm,T,360,ChipRes,510,,510
R120,RES1206,116.49mm,48.145mm,116.49mm,48.145mm,116.49mm,46.72mm,T,90,ChipRes,1K,,1K
U16,DIP-4,125.38mm,88.15mm,125.38mm,88.15mm,129.19mm,86.88mm,T,180,Optoisolator1,,,
U17,DIP-4,125.38mm,82.435mm,125.38mm,82.435mm,121.57mm,83.705mm,T,360,Optoisolator1,,,
U21,DIP-4,125.38mm,71.005mm,125.38mm,71.005mm,121.57mm,72.275mm,T,360,Optoisolator1,,,
U38,DIP-4,106.33mm,55.765mm,106.33mm,55.765mm,105.06mm,51.955mm,T,90,Optoisolator1,,,
U36,DIP-4,94.9mm,55.765mm,94.9mm,55.765mm,96.17mm,59.575mm,T,270,Optoisolator1,,,
U24,DIP-4,125.38mm,65.29mm,125.38mm,65.29mm,129.19mm,64.02mm,T,180,Optoisolator1,,,
U39,DIP-4,112.045mm,55.765mm,112.045mm,55.765mm,110.775mm,51.955mm,T,90,Optoisolator1,,,
U37,DIP-4,100.615mm,55.765mm,100.615mm,55.765mm,99.345mm,51.955mm,T,90,Optoisolator1,,,
U40,DIP-4,117.76mm,55.765mm,117.76mm,55.765mm,119.03mm,59.575mm,T,270,Optoisolator1,,,
U20,DIP-4,125.38mm,76.72mm,125.38mm,76.72mm,129.19mm,75.45mm,T,180,Optoisolator1,,,
R90,RES1206,53.625mm,63.385mm,53.625mm,63.385mm,53.625mm,61.96mm,T,90,ChipRes,510,,510
R109,RES1206,53.625mm,48.145mm,53.625mm,48.145mm,53.625mm,49.57mm,T,270,ChipRes,100,,100
U34,SOIC8,84.105mm,55.765mm,84.105mm,55.765mm,86.01mm,58.165mm,T,270,HCPL-0931,,,
U35,SOIC8,84.105mm,46.621mm,84.105mm,46.621mm,86.01mm,49.021mm,T,270,MCP2551,,,
U29,DIP-4,54.895mm,55.765mm,54.895mm,55.765mm,53.625mm,51.955mm,T,90,Optoisolator1,,,
C33,CAP0805,154.59mm,61.48mm,154.59mm,61.48mm,154.59mm,62.655mm,T,270,ChipCap,0.1uF,,0.1uF
C28,CAPC7343,9.175mm,71.005mm,9.175mm,71.005mm,5.675mm,71.005mm,T,360,Cap Pol SMD,47u,,47u
C22,CAPC7343,11.08mm,97.675mm,11.08mm,97.675mm,7.58mm,97.675mm,T,360,Cap Pol SMD,47u,,47u
C26,CAP0805,14.89mm,81.8mm,14.89mm,81.8mm,16.065mm,81.8mm,T,180,ChipCap,1000pF,,1000pF
D9,SMB1,16.795mm,92.976mm,16.795mm,92.976mm,19.17mm,92.976mm,T,180,Diode chip,,,
R71,RES1206,2.19mm,74.18mm,2.19mm,74.18mm,2.19mm,75.605mm,T,270,ChipRes,1R2,,1R2
R70,RES1206,-0.35mm,74.18mm,-0.35mm,74.18mm,-0.35mm,75.605mm,T,270,ChipRes,1R2,,1R2
R55,RES1206,7.905mm,85.61mm,7.905mm,85.61mm,6.48mm,85.61mm,T,360,ChipRes,18K,,18K
R56,RES1206,13.62mm,85.61mm,13.62mm,85.61mm,12.195mm,85.61mm,T,360,ChipRes,11K,,11K
U19,SOP8,7.905mm,81.165mm,7.905mm,81.165mm,10.705mm,79.26mm,T,180,MC34063,,,
C41,CAPC7343,28.86mm,20.84mm,28.86mm,20.84mm,25.36mm,20.84mm,T,360,Cap Pol SMD,47u,,47u
C62,CAP0805,28.86mm,31mm,28.86mm,31mm,28.86mm,29.825mm,B,90,ChipCap,100nF,,100nF
U45,TO-220,26.32mm,29.73mm,26.32mm,29.73mm,26.32mm,27.19mm,T,90,LM7805,,,
R59,RES1206,133mm,83.705mm,133mm,83.705mm,134.425mm,83.705mm,T,180,ChipRes,4K7,,4K7
R154,RES1206,136.175mm,37.35mm,136.175mm,37.35mm,136.175mm,35.925mm,B,90,ChipRes,100,,100
R155,RES1206,131.095mm,37.35mm,131.095mm,37.35mm,131.095mm,35.925mm,B,90,ChipRes,100,,100
P9,CENR-50M,79.418mm,6.757mm,53.498mm,8.902mm,53.498mm,8.902mm,T,360,CENR-50M,,,
K3,G5LA,91.09mm,27.94mm,91.09mm,20.84mm,91.09mm,20.84mm,T,90,Relay 1 pole,,,
K4,G5LA,111.41mm,27.94mm,111.41mm,20.84mm,111.41mm,20.84mm,T,90,Relay 1 pole,,,
C3,CAP0805,49.18mm,144.03mm,49.18mm,144.03mm,49.18mm,145.205mm,T,270,ChipCap,0.1uF,,0.1uF
C4,CAP0805,39.02mm,143.395mm,39.02mm,143.395mm,39.02mm,142.22mm,T,90,ChipCap,0.1uF,,0.1uF
C9,CAP0805,49.18mm,130.06mm,49.18mm,130.06mm,49.18mm,131.235mm,T,270,ChipCap,0.1uF,,0.1uF
C10,CAP0805,39.02mm,129.425mm,39.02mm,129.425mm,39.02mm,128.25mm,T,90,ChipCap,0.1uF,,0.1uF
D3,SMB1,44.1mm,138.315mm,44.1mm,138.315mm,46.475mm,138.315mm,T,180,Diode chip,,,
D8,SMB1,44.1mm,124.98mm,44.1mm,124.98mm,46.475mm,124.98mm,T,180,Diode chip,,,
L2,Inductor,1.555mm,133.5525mm,1.555mm,137.68mm,1.555mm,137.68mm,T,270,Inductance,100nH,,100nH
L3,Inductor,13.62mm,133.5525mm,13.62mm,137.68mm,13.62mm,137.68mm,T,270,Inductance,100nH,,100nH
P4,Socket_4x5.08,6mm,114.82mm,6mm,114.82mm,6mm,122.44mm,T,0,Terminal Block 4x5.08mm,,,
Q7,SOT-223_N,24.415mm,131.33mm,24.415mm,131.33mm,27.315mm,129.03mm,T,180,IRFL214,,,
Q2,SOT-223_N,24.415mm,143.395mm,24.415mm,143.395mm,27.315mm,141.095mm,T,180,IRFL214,,,
Q8,SOT-223_N,33.305mm,131.33mm,33.305mm,131.33mm,30.405mm,133.63mm,T,360,IRFL214,,,
Q3,SOT-223_N,33.305mm,143.395mm,33.305mm,143.395mm,30.405mm,145.695mm,T,360,IRFL214,,,
R148,RES1206,36.48mm,140.855mm,36.48mm,140.855mm,37.905mm,140.855mm,B,180,ChipRes,220,,220
R150,RES1206,35.845mm,128.79mm,35.845mm,128.79mm,34.42mm,128.79mm,B,360,ChipRes,220,,220
R147,RES1206,36.48mm,145.935mm,36.48mm,145.935mm,37.905mm,145.935mm,B,180,ChipRes,220,,220
R149,RES1206,35.845mm,133.87mm,35.845mm,133.87mm,34.42mm,133.87mm,B,360,ChipRes,220,,220
U2,SOIC8,44.1mm,144.03mm,44.1mm,144.03mm,46.5mm,142.125mm,T,180,IR2104,,,
Q32,SOT23,51.339mm,71.767mm,51.339mm,71.767mm,50.389mm,70.567mm,T,90,BC847,,,
Q33,SOT23,55.784mm,71.767mm,55.784mm,71.767mm,54.834mm,70.567mm,T,90,BC847,,,
WIFI1,RES1206,53.625mm,135.648mm,53.625mm,135.648mm,53.625mm,137.073mm,T,270,ChipRes,0,,0
C12,CAP0805,83.47mm,69.227mm,83.47mm,69.227mm,83.47mm,68.052mm,T,90,ChipCap,0.01uF,,0.01uF
U18,SOIC8,87.661mm,70.37mm,87.661mm,70.37mm,85.756mm,67.97mm,T,90,M24256,,,
C13,CAP0805,19.589mm,79.895mm,19.589mm,79.895mm,19.589mm,81.07mm,B,270,ChipCap,100nF,,100nF
C25,CAP0805,19.589mm,72.275mm,19.589mm,72.275mm,19.589mm,71.1mm,B,90,ChipCap,100nF,,100nF
U47,SOIC8,20.605mm,76.085mm,20.605mm,76.085mm,18.7mm,73.685mm,T,90,HCPL-0931,,,
C27,CAP0805,87.28mm,61.988mm,87.28mm,61.988mm,86.105mm,61.988mm,T,360,ChipCap,0.1uF,,0.1uF
C29,CAP0805,89.312mm,51.828mm,89.312mm,51.828mm,88.137mm,51.828mm,T,0,ChipCap,0.1uF,,0.1uF
C30,CAP0805,81.057mm,49.288mm,81.057mm,49.288mm,82.232mm,49.288mm,B,180,ChipCap,30 pF,,30 pF
C31,CAP0805,89.312mm,48.526mm,89.312mm,48.526mm,88.137mm,48.526mm,T,360,ChipCap,0.1uF,,0.1uF
R50,RES1206,89.185mm,44.97mm,89.185mm,44.97mm,90.61mm,44.97mm,T,180,ChipRes,49,,49
R51,RES1206,69.627mm,13.22mm,69.627mm,13.22mm,68.202mm,13.22mm,B,360,ChipRes,60,,60
LED11,PLCC-2,33.305mm,100.85mm,33.305mm,100.85mm,34.805mm,100.85mm,T,180,LED 0603,,,
LED12,PLCC-2,33.305mm,96.405mm,33.305mm,96.405mm,34.805mm,96.405mm,T,180,LED 0603,,,
LED13,PLCC-2,33.305mm,91.96mm,33.305mm,91.96mm,34.805mm,91.96mm,T,180,LED 0603,,,
LED14,PLCC-2,33.305mm,87.515mm,33.305mm,87.515mm,34.805mm,87.515mm,T,180,LED 0603,,,
Q34,SOT23,38.385mm,98.945mm,38.385mm,98.945mm,39.585mm,97.995mm,T,180,BC847,,,
Q35,SOT23,38.385mm,95.135mm,38.385mm,95.135mm,39.585mm,94.185mm,T,180,BC847,,,
Q36,SOT23,38.385mm,91.325mm,38.385mm,91.325mm,39.585mm,90.375mm,T,180,BC847,,,
Q37,SOT23,38.385mm,87.515mm,38.385mm,87.515mm,39.585mm,86.565mm,T,180,BC847,,,
R95,RES1206,44.735mm,98.945mm,44.735mm,98.945mm,46.16mm,98.945mm,T,180,ChipRes,1K,,1K
R96,RES1206,44.735mm,95.135mm,44.735mm,95.135mm,46.16mm,95.135mm,T,180,ChipRes,1K,,1K
R114,RES1206,44.735mm,91.325mm,44.735mm,91.325mm,46.16mm,91.325mm,T,180,ChipRes,1K,,1K
R115,RES1206,44.735mm,87.515mm,44.735mm,87.515mm,46.16mm,87.515mm,T,180,ChipRes,1K,,1K
P12,BH810,107.6mm,81.165mm,107.6mm,81.165mm,107.6mm,71.165mm,T,180,BH810,,,
C63,CAPPR5-10x17_1,16.16mm,120.535mm,16.16mm,120.535mm,16.16mm,118.035mm,T,90,Cap Pol 100/47,47u,,47u
C64,CAPC7343,27.59mm,123.075mm,27.59mm,123.075mm,24.09mm,123.075mm,T,360,Cap Pol SMD,47u,,47u
C65,CAPC7343,27.59mm,110.375mm,27.59mm,110.375mm,31.09mm,110.375mm,T,180,Cap Pol SMD,47u,,47u
U48,SOT223-4M,27.59mm,116.725mm,27.59mm,116.725mm,30.54mm,114.425mm,T,180,LM1117,,,
